4.436323061596511574e-01,-1.342522549723914604e+00,7.355954329018563609e-01,-1.090960710853514926e-01,1.363487361986942537e+00,1.256968244200692864e+00,5.802122818922521574e-01,6.846650460296039853e-01,7.622919140460948650e-01,8.348615292773085006e-01,8.853650551666678581e-01,2.409689779335074666e-01,2.050952791732002289e+00,1.792618864679284885e+00
-2.618671623530592352e-01,3.271905720478731627e-01,6.674077027572861143e-01,9.167326570306539857e-01,8.688633477536764627e-01,6.745869497130502213e-01,2.271069236844224237e-01,2.510882513163053553e-01,-7.747885028009582342e-02,3.363186255382519807e-01,-4.743529786822985872e-01,-2.434694752468454307e-02,1.158395767526267939e+00,3.973659778440916668e-01
-3.829603547097161220e-01,1.917393545163861512e+00,-4.003999749262977803e-02,-4.510389804573533001e-01,2.918019978148647109e-01,1.397469853876646684e-01,2.271069236844224237e-01,-2.244475880466690887e-01,-8.409068178493603885e-01,-1.206790362225494406e-01,-7.699438556059868821e-01,-4.886498170765229410e-01,-1.469688803746175942e+00,6.120202681264287348e-01
1.612444858471746345e+00,-1.263012401068115187e+00,-6.366826362576191167e-01,3.012354201610507043e-01,-2.852593521239499830e-01,-8.705062805602858944e-01,-7.485789345214237667e-01,9.723842093416562582e-02,-1.729073462262538941e-01,8.704717366872365136e-02,-9.472983817602002032e-01,-7.208012518524414824e-01,-1.122583294332834658e+00,-3.539240381440938998e-01
-1.199023172765462109e+00,2.155923991131259765e+00,2.668047881579361791e-01,-1.134924799201356915e+00,3.742393335204075577e-01,1.221312246578999172e+00,1.760327558007894977e+00,2.510882513163053553e-01,1.706352391799146051e-01,-5.361314560050955969e-01,-9.472983817602002032e-01,-3.228273636651523004e-01,-7.258912835747296510e-01,-2.465968930029234785e-01
8.595610972977401065e-01,-1.422032698379714022e+00,-3.724551819474095637e-01,3.012354201610507043e-01,4.448999069823027230e-02,-9.299329432631064929e-01,-1.250360233027288048e+00,-7.559288202758744912e-01,-4.019357364970337909e-01,-9.931291177658940761e-01,8.262468797819293442e-01,-1.085610649357457325e+00,6.625307540786371518e-01,6.120202681264287348e-01
-9.147174167976512837e-01,1.519842801884864425e+00,-9.776212869804701278e-01,-7.929818898293551355e-01,4.448999069823027230e-02,-4.426343090999780849e-01,-3.304278524332039946e-01,-4.202564630784805799e-01,-8.790782162278241163e-01,-2.453147621573120996e-01,-6.517075048365119638e-01,-7.871302332169907157e-01,-1.717621310469991558e+00,-5.685783284264310788e-01
1.014124147169231244e-01,3.271905720478731627e-01,-2.446031879263403930e-01,3.696240020354510936e-01,-1.027195373473850371e+00,-3.594369813160288585e-01,-2.282131434783063462e-01,-5.741062934606202539e-01,-4.591928340647281059e-01,4.550193169047139774e-02,5.771059978033946103e-02,-1.583078009591569080e+00,-1.072996792988071046e+00,-6.759054735675976699e-01
1.254430202808574757e+00,-3.884007658543215946e-01,-3.895021144835520976e-01,3.696240020354510936e-01,5.803326727842691435e-01,-1.345919582182850904e+00,-8.229169046704404300e-01,-2.524202844797855949e-01,-4.019357364970337909e-01,4.609543514730175540e-01,-2.969984525280852106e-01,2.078044872512328778e-01,3.154252446652958675e-01,-3.194260272058635497e-02
-2.494569904655610793e-02,-1.342522549723914604e+00,2.577333847726600517e-03,-5.878161442061540232e-01,4.566766692259534022e-01,2.942563084149979469e-01,3.107371401020668777e-01,6.986513942461632931e-01,7.813776132353267290e-01,-2.453147621573120996e-01,-5.925893294517734500e-01,7.514652452213686773e-02,8.112902581129267654e-01,1.827116875617507408e-01
-2.408074767258165660e-01,-1.422032698379714022e+00,7.270719666337850384e-01,9.167326570306539857e-01,8.570865855100316677e-02,3.277899252258686946e-02,7.010114833844043325e-01,7.126377424627204915e-01,5.141778245860844088e-01,5.855900774077802406e-01,1.062719581320879181e+00,4.731204127094272294e-01,2.658387433205320893e-01,1.255983138973440161e+00
-4.408744901846450848e-01,-3.884007658543215946e-01,-2.616501204624829269e-01,9.606967453784961974e-02,-6.974460306516730990e-01,-7.397676226140811329e-01,-2.096286509410518750e-01,-1.125568023142050900e-01,1.706352391799146051e-01,-3.758855226603902144e-02,-6.052575098913542950e-02,-3.559918543474269170e-01,-1.308532674375729732e-01,-1.212541199273442283e+00
1.343933866724367654e+00,-8.654616577891180995e-01,-1.616881257085815760e+00,-7.245933079549548017e-01,-7.386646985044430513e-01,-1.452887575047928648e+00,-1.668511315115507987e+00,-2.042672856199215126e+00,-1.470734891094003016e+00,-1.616307747439713394e+00,-1.006416557144938828e+00,-1.185104121404279898e+00,-8.250642862642555420e-01,-1.856504070120457595e+00
2.488302141076333129e-01,-4.679109145101210121e-01,1.903310311627621099e+00,1.190286984528255543e+00,1.981767379778527127e+00,1.031146925929973923e+00,1.109870319203997591e+00,1.397968805074065735e+00,1.926519564589223465e+00,1.873492578733674030e+00,1.594783159783519366e+00,2.264002909552229159e+00,1.902193287697714341e+00,1.792618864679284885e+00
-1.578097514055864625e+00,1.758373247852262677e+00,1.664653256121625402e+00,7.115669114074528734e-01,1.363487361986942537e+00,1.779922875985513464e+00,1.936880237111810565e+00,1.383982456857506316e+00,1.182177296209189432e+00,3.078304596103057289e+00,1.358310458244567309e+00,1.003752263625811159e+00,5.633577513891113719e-01,1.363310284114610527e+00
1.565060565810438842e+00,-1.819583441658711109e+00,-1.934623903179127358e-01,5.747897476586522059e-01,2.093646621093189220e-01,-8.586209480197224408e-01,-8.879626285508304129e-01,-1.685021951804360762e-01,-1.347359478477901107e-01,-5.361314560050955969e-01,1.759469505498143516e-01,-5.881432891233454585e-01,1.170792392862424619e-01,-3.194260272058635497e-02
-3.355760620484201651e-01,-7.859515091333186820e-01,-4.321194458239084879e-01,-5.878161442061540232e-01,2.093646621093189220e-01,-2.049276582886956077e-01,-2.003364046724239733e-01,-6.020789898937367601e-01,-7.454783219032022901e-01,-1.824033957330986500e+00,-7.108256802212504777e-01,-6.876367611701681426e-01,1.790623659671663689e-02,-5.685783284264310788e-01
1.054363189349746266e+00,1.681702747362743555e-01,-7.048703664021892523e-01,5.747897476586522059e-01,-1.274507380590484740e+00,-1.262722254398901622e+00,-5.441495166116271376e-01,-2.244475880466690887e-01,-1.298963598390918683e+00,-5.776766979833478644e-01,-4.152348032975621828e-01,-2.080545369825681057e+00,-1.420102302401412331e+00,-9.978869089911052148e-01
-8.252137528818583867e-01,7.247413153268702501e-01,1.741364452534266860e+00,5.747897476586522059e-01,1.858111376220211275e+00,2.267221510148643482e+00,1.658112849052997495e+00,7.825694835455108134e-01,9.149775075599485552e-01,1.707311610820656078e+00,2.304201264400370874e+00,2.031851474776309452e+00,1.654260780973898948e+00,1.470637429255781115e+00
-1.356970814969793437e+00,7.247413153268702501e-01,4.884149111277893418e-01,2.768109266344924782e-02,3.271322845457376102e-03,8.053256076592548718e-01,9.147331475628288633e-01,-7.059775766452935919e-02,3.042351335045364036e-01,3.363186255382519807e-01,2.941833013192913238e-01,1.414755058866860593e-01,6.129442527338733182e-01,9.340017035499363907e-01
1.264960045622196105e+00,8.837616126384690851e-01,-6.196357037214765828e-01,9.851212389050544305e-01,-6.562273627989001490e-01,-8.586209480197224408e-01,-8.972548748194569823e-01,-5.041745523778300431e-01,-1.241706500823224424e+00,-4.530409720485851777e-01,-1.407575604396935380e-03,-8.534592145815387276e-01,-6.763047822299659284e-01,-3.194260272058635497e-02
5.752553413299293927e-01,-4.679109145101210121e-01,-1.037285550856969163e+00,3.012354201610507043e-01,-1.398163384148800592e+00,-1.310263584561158767e+00,-1.213191247952779106e+00,-1.007683088173918939e+00,-1.279877899201686819e+00,-4.530409720485851777e-01,-7.108256802212504777e-01,-1.151939630722005337e+00,-9.242372889537813219e-01,-3.539240381440938998e-01
1.438702452046971114e+00,3.271905720478731627e-01,-1.310036471435249927e+00,-5.878161442061540232e-01,-9.035393699155346292e-01,-1.143868928993260425e+00,-1.222483494221405786e+00,-1.525177972186567033e+00,-1.585249086229392868e+00,-1.491672021504950596e+00,-8.290620309907253960e-01,-4.554853263942494901e-01,6.749273794148043237e-02,-8.905597638499386237e-01
8.035272908966879790e-02,-3.884007658543215946e-01,-1.934623903179127358e-01,-1.774846529597518541e-01,-6.150086949461273100e-01,-1.573863281264384351e-01,4.126199831188027967e-02,-8.458410588108859762e-02,1.897209383691464690e-01,-1.622242782008017081e-01,-6.517075048365119638e-01,-9.067592888923371730e-02,-8.126676609280918118e-02,-4.612511832852606020e-01
-1.256937308240379192e+00,8.837616126384690851e-01,-5.946132420344675540e-03,-4.510389804573533001e-01,-9.859767056210775316e-01,2.467149782527424395e-01,1.992301848785413554e-01,1.252111173672821320e-01,2.851494343153045397e-01,-2.453147621573120996e-01,-5.925893294517734500e-01,7.514652452213686773e-02,5.633577513891113719e-01,7.538454242058410804e-02
9.806542896543969379e-01,1.681702747362743555e-01,-6.537295687937616506e-01,1.644582564122499813e-01,-1.439382052001573431e+00,-9.418182758036699465e-01,-7.578711807900503361e-01,-8.258605613586647021e-01,-6.500498259570441917e-01,-1.622242782008017081e-01,-2.969984525280852106e-01,-1.085610649357457325e+00,-1.221756297022360549e+00,-6.759054735675976699e-01
9.701244468407757005e-01,8.042514639826696676e-01,2.814773265194042695e-02,-3.826503985829529664e-01,1.281050026281399523e+00,7.221282798753073662e-01,2.549836624903034643e-01,-2.384339362632263426e-01,-3.828500373078019270e-01,-6.192219399616031295e-01,-7.699438556059868821e-01,6.057783754385231978e-01,1.207982268871031772e+00,1.041328848691102982e+00
-4.145498831505800563e-01,-1.103992103756516352e+00,-5.708693002877233275e-02,3.696240020354510936e-01,-7.386646985044430513e-01,3.277899252258686946e-02,-1.449147929988183099e-02,-8.458410588108859762e-02,-1.136053523169646209e-03,1.701376576252340567e-01,8.853650551666678581e-01,-7.208012518524414824e-01,-2.300262701270988086e-01,-3.194260272058635497e-02
1.154396696079160511e+00,-1.103992103756516352e+00,-9.435274219081850600e-01,5.747897476586522059e-01,-1.233288712737711901e+00,-8.110796178574651849e-01,-1.055223061386117989e+00,-1.175519266772615978e+00,-1.318049297580150769e+00,-8.269481498528761243e-01,-1.242889258683888443e+00,-1.748900463002939665e+00,-1.172169795677596715e+00,-1.856504070120457595e+00
8.016469618228111438e-01,-1.740073293002911692e+00,-8.412458266913297456e-01,-6.562047260805544679e-01,-7.386646985044430513e-01,-9.180476107225430393e-01,-6.835332106410337838e-01,-7.559288202758744912e-01,-7.747885028009582342e-02,-5.361314560050955969e-01,-7.108256802212504777e-01,-9.067592888923371730e-02,-6.267182808852038711e-01,-1.212541199273442283e+00
-1.509653535767326193e+00,-3.088906171985221771e-01,1.127674881233134974e+00,3.696240020354510936e-01,1.445924697692488214e+00,6.864722822536136748e-01,1.091285826666743120e+00,8.525012246283010242e-01,1.067663101073800913e+00,6.686805613642906598e-01,-6.052575098913542950e-02,1.169574717037181966e+00,1.406328274250083554e+00,6.120202681264287348e-01
6.542291624321009413e-01,8.042514639826696676e-01,-1.838491380055669033e+00,-1.682033454196560029e+00,-1.975224734087612344e+00,-1.559855567913004615e+00,-1.538419867354727799e+00,-1.581123365052800045e+00,-1.623420484607856817e+00,-1.325491053591932866e+00,-2.366134590993902886e+00,-9.861171773106347516e-01,-1.469688803746175942e+00,-1.427195489555783237e+00
4.488972275664618317e-01,1.837883396508062095e+00,-7.986284953509733553e-01,-2.458732348341522156e-01,-6.974460306516730990e-01,-4.069783114782843381e-01,-7.671634270586782378e-01,-7.699151684924318007e-01,-9.745067121739822147e-01,-4.530409720485851777e-01,-2.969984525280852106e-01,-1.019281667992909313e+00,-6.763047822299659284e-01,2.900388327029211899e-01
-9.357771024248939806e-01,2.155923991131259765e+00,-3.724551819474095637e-01,-2.458732348341522156e-01,2.093646621093189220e-01,6.843499014428058858e-02,6.731347445785232919e-01,-5.181609005943872415e-01,-5.927927283893499322e-01,-8.269481498528761243e-01,-6.517075048365119638e-01,-8.534592145815387276e-01,-1.172169795677596715e+00,-2.465968930029234785e-01
-9.778964736793909207e-01,-8.654616577891180995e-01,1.357808470471059570e+00,5.064011657842518721e-01,6.215513406370419824e-01,1.256968244200692864e+00,1.249254013233404237e+00,1.244118974691925894e+00,8.386347108030210995e-01,1.416494916972872664e+00,1.759469505498143516e-01,5.726138847562486367e-01,1.257568770215793830e+00,2.900388327029211899e-01
4.857516774141364402e-01,2.155923991131259765e+00,-7.219172989383318972e-01,-7.929818898293551355e-01,-1.203846807128583773e-01,-3.950929789377208845e-01,-4.140580688508485041e-01,-4.202564630784805799e-01,-4.210214356862643226e-01,-3.699504880920748140e-01,-7.699438556059868821e-01,1.083110152044114566e-01,-3.291992728166246440e-01,6.120202681264287348e-01
2.291619719950391598e+00,6.452311666710708327e-01,1.553848194636698876e+00,2.079338548895460104e+00,1.281050026281399523e+00,1.470904229930846796e+00,6.173812669667612107e-01,1.062296447876671657e+00,4.378350278291582853e-01,1.541130642907635240e+00,5.771059978033946103e-02,2.078044872512328778e-01,1.059222764836742270e+00,2.329254590385129386e+00
-4.145498831505800563e-01,-5.474210631659204296e-01,2.838517206940787130e-01,-2.458732348341522156e-01,3.271322845457376102e-03,2.229443131716138671e-01,1.338525950599922520e-02,2.790609477494218615e-01,1.010406003506106654e+00,3.778638675165071348e-01,9.444832305514042625e-01,8.379298102144406846e-01,8.112902581129267654e-01,-1.392697478617530016e-01
-1.051605373374740138e+00,1.360822504573265590e+00,7.611658317060701062e-01,-1.774846529597518541e-01,1.033738019164765154e+00,1.268853576741256317e+00,1.081993580398116439e+00,8.245285281951845180e-01,4.569207270183888170e-01,5.024995934512698215e-01,-2.378802771433488061e-01,1.799700040000391965e+00,1.108809266181504327e+00,1.041328848691102982e+00
-1.135844115883722472e+00,-1.660563144347112274e+00,1.815701254772233986e-01,3.012354201610507043e-01,-1.480600719854346270e+00,-4.188636440188495125e-01,6.917192371157777631e-01,2.790609477494218615e-01,7.241205156676324695e-01,1.499585400929382972e+00,5.306560028582411048e-01,-2.434694752468454307e-02,-4.779587768509142576e-01,-5.685783284264310788e-01
5.068113630413790816e-01,-3.884007658543215946e-01,-6.366826362576191167e-01,-3.826503985829529664e-01,-4.501340235350386187e-01,-1.811569932075670353e-01,-8.600858897449493723e-01,-3.363383737791330597e-01,2.088066375583783607e-01,4.550193169047139774e-02,-2.969984525280852106e-01,7.052718474853446606e-01,-3.291992728166246440e-01,-6.759054735675976699e-01
9.806542896543969379e-01,-3.884007658543215946e-01,-1.548693526941245624e+00,-7.245933079549548017e-01,-1.810350062676523653e+00,-1.500428905210184016e+00,-1.752141531533150998e+00,-1.595109713269357465e+00,-1.165363704066298300e+00,-1.699398231396223702e+00,-3.561166279128237244e-01,-1.450420046862473056e+00,-1.221756297022360549e+00,-9.978869089911052148e-01
1.870426007405492141e+00,-1.422032698379714022e+00,-6.707765013299041845e-01,3.696240020354510936e-01,-9.447580377683045816e-01,-1.334034249642287451e+00,-1.194606755415524635e+00,-4.762018559447135369e-01,-8.409068178493603885e-01,-7.854029078746209702e-01,-3.561166279128237244e-01,-7.871302332169907157e-01,-2.300262701270988086e-01,-5.685783284264310788e-01
1.496616587521900188e+00,-3.884007658543215946e-01,-1.352653802775606318e+00,-3.142618167085525771e-01,-1.521819387707119331e+00,-1.381575579804542819e+00,-1.361867188250812211e+00,-1.245451007855406189e+00,-1.527991988661698608e+00,-1.533217263483205972e+00,-1.242889258683888443e+00,-1.848393935049762238e+00,-1.271342798367122606e+00,-1.105214054132275692e+00
8.911506257386040408e-01,-3.884007658543215946e-01,-1.131043679805753044e+00,-7.929818898293551355e-01,-1.027195373473850371e+00,-6.327996297490033895e-01,-8.322091509390683317e-01,-1.161532918556058780e+00,-1.012678110552444499e+00,-9.931291177658940761e-01,-7.699438556059868821e-01,-2.896628729828789051e-01,-1.804397687823350027e-01,-1.105214054132275692e+00
-1.541243064208190017e+00,-3.088906171985221771e-01,2.329483625031184779e+00,9.167326570306539857e-01,1.693236704809122584e+00,1.922546866472283122e+00,2.141309655021605973e+00,2.265122394500663106e+00,2.250976450806161377e+00,1.956583062690181452e+00,1.890374036707207495e+00,1.667042077271293721e+00,1.505501276939609223e+00,1.577964574396947706e+00
-1.670985770304556361e-01,2.476804233920737452e-01,-1.764154577817702019e-01,5.064011657842518721e-01,-4.089153556822657243e-01,-2.049276582886956077e-01,-5.166046437439078542e-02,-2.244475880466690887e-01,-2.022175271240152922e-02,-7.913379424429423104e-02,-4.152348032975621828e-01,-1.450420046862473056e+00,-1.221756297022360549e+00,-1.319868344414612871e+00
1.159661617485971075e+00,-1.501542847035513439e+00,-9.094335568358998811e-01,-3.142618167085525771e-01,-1.068414041326623209e+00,-9.418182758036699465e-01,-1.389743927056694694e+00,-8.957923024414550239e-01,-4.782785332539599699e-01,-1.117764843700659760e+00,-1.597598310992315307e+00,-2.233338916183297274e-01,1.666657406310062539e-01,-4.612511832852606020e-01
6.173747125844146755e-01,8.042514639826696676e-01,-8.241988941551872117e-01,3.696240020354510936e-01,-4.501340235350386187e-01,-6.446849622895668430e-01,-5.534417628802550393e-01,-1.133560222122942163e+00,-9.745067121739822147e-01,-1.325491053591932866e+00,-9.472983817602002032e-01,1.746399965689582889e-01,-6.267182808852038711e-01,5.046931229852583689e-01
-4.514043329982663777e-01,-2.293804685427227319e-01,-5.514479735769063362e-01,7.115669114074528734e-01,-1.068414041326623209e+00,-1.025015603587619228e+00,-6.463642255665261738e-01,-4.762018559447135369e-01,1.515495399906840734e-01,1.285924156469788748e-01,-4.152348032975621828e-01,-1.901694009360563042e-01,-7.754777849194917083e-01,-1.212541199273442283e+00
-1.230612701206325932e+00,-1.581052995691312857e+00,9.401586233355669897e-01,-1.090960710853514926e-01,1.198612690575853845e+00,1.197541581497872265e+00,7.381804684589132748e-01,8.804739210614175304e-01,1.716576873507676959e+00,9.179520132338160332e-01,8.853650551666678581e-01,3.404624499803288740e-01,5.137712500443475383e-01,1.827116875617507408e-01
-6.706507030104139067e-02,3.271905720478731627e-01,-3.639317156793382413e-01,4.380125839098514828e-01,1.269273264037731330e-01,-3.000103186132082600e-01,-2.653821285528139562e-01,-1.125568023142050900e-01,-5.927927283893499322e-01,8.704717366872365136e-02,-6.052575098913542950e-02,-9.197881959460867396e-01,-3.787857741613884222e-01,3.973659778440916668e-01
-1.262202229647189977e+00,1.599352950540663842e+00,3.690863833747914380e-01,-1.203313381075757471e+00,1.157394022723080784e+00,6.627016171724867677e-01,7.381804684589132748e-01,8.325207271760837191e-02,-3.930745190163206088e-02,-2.037695201790569177e-01,5.306560028582411048e-01,1.202739207719456527e+00,9.104632608024525453e-01,9.340017035499363907e-01
-1.670985770304556361e-01,1.042781909950067920e+00,8.781199652843936498e-02,-5.878161442061540232e-01,4.566766692259534022e-01,-9.795966542361782270e-02,6.731347445785232919e-01,3.629790370487693263e-01,5.141778245860844088e-01,4.194091094947623444e-01,-3.561166279128237244e-01,2.741334686157820832e-01,-1.804397687823350027e-01,2.900388327029211899e-01
-9.621017094589472407e-01,-2.293804685427227319e-01,-4.856346376070105192e-02,-3.826503985829529664e-01,3.742393335204075577e-01,-2.524689884509511151e-01,-4.236821810576420905e-02,-1.964748916135525825e-01,2.469780359368421441e-01,-7.438576658963687027e-01,-5.334711540670370455e-01,5.062849033916995145e-01,8.112902581129267654e-01,-1.105214054132275692e+00
1.865161085998681578e+00,-1.422032698379714022e+00,-1.557216993209316946e+00,-1.476867708573358806e+00,-6.562273627989001490e-01,-8.705062805602858944e-01,-1.733557038995896527e+00,-1.595109713269357465e+00,-1.776106078121709064e+00,-1.699398231396223702e+00,-1.065534732529675122e+00,-5.881432891233454585e-01,-3.787857741613884222e-01,-1.105214054132275692e+00
8.437663330773080839e-01,-1.024481955100716934e+00,1.048589290645819128e-01,9.851212389050544305e-01,2.918019978148647109e-01,-3.853300272079720340e-02,-3.583045912390850352e-01,-1.465236479829835903e-02,-3.637643381185700076e-01,4.550193169047139774e-02,6.383355365947267934e+00,7.514652452213686773e-02,-4.779587768509142576e-01,1.827116875617507408e-01
1.961810000395150244e-01,-1.498703198869233144e-01,5.139853099320031982e-01,1.463841312025856878e+00,2.093646621093189220e-01,1.102458921173357975e+00,-3.583045912390850352e-01,3.070336441825363694e-01,-3.637643381185700076e-01,5.855900774077802406e-01,1.003601405936142665e+00,9.374232822612644789e-01,1.009636263491978436e+00,1.041328848691102982e+00
1.172071789373551054e-01,-1.498703198869233144e-01,-4.576898446281222887e-01,-4.510389804573533001e-01,-2.840816758995831304e+00,-9.180476107225430393e-01,-4.883960389998650564e-01,-4.622155077281562829e-01,-8.981639154170546480e-01,1.701376576252340567e-01,1.003601405936142665e+00,-4.223208357119749290e-01,3.650117460100579247e-01,6.120202681264287348e-01
-1.683395942192089656e+00,2.155923991131259765e+00,7.526423654379988948e-01,-1.090960710853514926e-01,1.198612690575853845e+00,9.122936005243327262e-01,1.156331550547132991e+00,6.427060013799302807e-01,3.703534485529412501e-02,9.179520132338160332e-01,5.771059978033946103e-02,9.705877729435390400e-01,-3.168026474804539611e-02,2.007273154961625838e+00
3.383338780234262377e-01,9.632717612942685026e-01,1.133823953326531936e-01,4.380125839098514828e-01,5.803326727842691435e-01,3.061416409555630658e-01,3.850751102510834856e-01,1.112247691507248643e-01,-2.022175271240152922e-02,3.956689712216187281e-03,-1.787621017586103200e-01,-1.570049102537817154e-01,2.162522419757700598e-01,8.266745584087659138e-01
1.382668645645977468e-01,8.866012608047492416e-02,-7.645346302786882875e-01,-5.194275623317536894e-01,-8.623207020627616792e-01,-6.803409599112605344e-01,-4.047658225822206024e-01,-9.936967399573617410e-01,-8.981639154170546480e-01,-5.361314560050955969e-01,-7.108256802212504777e-01,-2.233338916183297274e-01,-5.771317795404400375e-01,-3.194260272058635497e-02
-9.621017094589472407e-01,3.271905720478731627e-01,1.272573807790346789e+00,1.190286984528255543e+00,9.100820156064494126e-01,1.756152210904384781e+00,1.063409087860861968e+00,1.272091671125042511e+00,8.195490116137905678e-01,7.102258033425429273e-01,5.771059978033946103e-02,1.501219623859923136e+00,1.158395767526267939e+00,7.193474132675954369e-01
-9.568367880521365665e-01,-7.036017123112391081e-02,2.412343893537223227e-01,-1.090960710853514926e-01,-7.916601286008841110e-02,4.487656314423311699e-01,7.939339460706753560e-01,3.070336441825363694e-01,-9.656454946932771510e-02,-2.868600041355673369e-01,-2.378802771433488061e-01,-4.554853263942494901e-01,6.749273794148043237e-02,-6.759054735675976699e-01
8.648260187045507807e-01,1.281312355917466173e+00,-1.224801808754537147e+00,-1.203313381075757471e+00,-6.150086949461273100e-01,-8.823916131008493480e-01,-8.600858897449493723e-01,-9.657240435242452348e-01,-7.454783219032022901e-01,-1.408581537548440288e+00,-1.302007434068626957e+00,-9.529526866283613007e-01,-8.250642862642555420e-01,-1.534522634696950050e+00
9.174752327726574119e-01,4.067007207036725802e-01,-5.599714398449776587e-01,-9.981476354525562478e-01,2.918019978148647109e-01,-1.692716606670018886e-01,-5.441495166116271376e-01,-5.181609005943872415e-01,5.141778245860844088e-01,2.947733835599967711e-01,1.168287751650779471e-01,-5.549787984410708974e-01,-4.283722755061504794e-01,-3.194260272058635497e-02
1.154396696079160511e+00,-1.740073293002911692e+00,-6.537295687937616506e-01,5.747897476586522059e-01,-1.027195373473850371e+00,-1.036900936128184236e+00,-1.436205158399830317e+00,-8.398469095752220115e-01,-6.309641267678123278e-01,-1.034674359744149230e+00,-2.378802771433488061e-01,-5.881432891233454585e-01,-7.258912835747296510e-01,-3.194260272058635497e-02
-2.934566907939231695e-01,-3.884007658543215946e-01,-3.554082494112669743e-01,-2.458732348341522156e-01,-1.563038055559889283e+00,-3.594369813160288585e-01,-2.378372556850973096e-02,9.723842093416562582e-02,-3.637643381185700076e-01,-7.438576658963687027e-01,-1.787621017586103200e-01,-5.751143820695913539e-02,-1.320929299711886440e+00,-9.978869089911052148e-01
-3.776954333029054478e-01,1.681702747362743555e-01,6.162669051488585126e-01,5.064011657842518721e-01,8.276446799009036237e-01,7.934402751186914182e-01,1.341844609981513448e-01,5.308152156474662542e-01,6.286920197214743711e-01,1.701376576252340567e-01,-4.743529786822985872e-01,1.003752263625811159e+00,1.108809266181504327e+00,7.538454242058410804e-02
-3.039865336075445179e-01,2.871515329033454300e+00,-6.025887711853339379e-01,2.768109266344924782e-02,-7.916601286008841110e-02,-5.258316368839256461e-01,2.642759087589313660e-01,-8.458410588108859762e-02,-1.127192305687834573e+00,-4.530409720485851777e-01,-9.472983817602002032e-01,-2.896628729828789051e-01,-9.242372889537813219e-01,7.538454242058410804e-02
8.964155471454147150e-01,7.247413153268702501e-01,-5.855418386491914040e-01,-7.245933079549548017e-01,-2.440406842711770607e-01,-7.873089527763366124e-01,-4.605193001939840158e-01,-6.020789898937367601e-01,5.612104404452600281e-02,6.686805613642906598e-01,1.759469505498143516e-01,-1.450420046862473056e+00,-8.250642862642555420e-01,-4.612511832852606020e-01
-4.619341758118877261e-01,-1.024481955100716934e+00,1.033916752284351093e+00,2.328468382866503428e-01,1.693236704809122584e+00,8.053256076592548718e-01,4.594130804001000934e-01,9.923647067938814459e-01,1.430291385669202775e+00,5.855900774077802406e-01,7.671287043971908304e-01,1.965522493411762550e+00,1.455914775594847166e+00,1.148655993832273570e+00
-2.829268479803018765e-01,-3.088906171985221771e-01,1.349285004202988247e+00,2.328468382866503428e-01,7.452073441953578348e-01,1.292624241822385001e+00,7.381804684589132748e-01,1.174187233609135683e+00,1.468462784047663838e+00,2.330490240494475618e+00,1.240074107475092502e+00,1.733371058635842843e+00,1.406328274250083554e+00,5.046931229852583689e-01
7.068783765002075725e-01,-9.449718064449175170e-01,1.815701254772233986e-01,-3.826503985829529664e-01,1.116175354870310832e+00,-2.286983233698225149e-01,-4.236821810576420905e-02,5.028425192143498590e-01,8.768061091814848274e-01,-5.361314560050955969e-01,2.350651259345528377e-01,4.067914313448780517e-01,9.600497621472163789e-01,1.577964574396947706e+00
2.856846639553079492e-01,-9.449718064449175170e-01,1.119151414965063651e+00,9.167326570306539857e-01,8.276446799009036237e-01,6.389309520913581952e-01,7.381804684589132748e-01,1.272091671125042511e+00,1.220348694587653382e+00,8.348615292773085006e-01,5.306560028582411048e-01,1.600713095906746819e+00,7.121172554234009855e-01,-3.194260272058635497e-02
-1.783429448921503901e+00,9.149977424675508411e-03,2.857938533651604107e+00,-3.826503985829529664e-01,2.146642051189618705e+00,3.265589443556030425e+00,3.126287759496079843e+00,3.593825475073677556e+00,2.499090540266172056e+00,4.194091094947623444e-01,2.067728562861420816e+00,1.368561661130827112e+00,2.001366290387241786e+00,3.402526041796818834e+00
-4.935237042527516604e-01,1.519842801884864425e+00,-6.452061025256903282e-01,-1.203313381075757471e+00,-6.150086949461273100e-01,4.131096338206391438e-01,-1.538751733292884338e-01,-8.538332577917812083e-01,-3.065072405508757480e-01,3.778638675165071348e-01,1.168287751650779471e-01,-1.019281667992909313e+00,-1.308532674375729732e-01,-1.392697478617530016e-01
5.699904199231187185e-01,-1.660563144347112274e+00,-7.815815628148308214e-01,1.644582564122499813e-01,-9.447580377683045816e-01,-9.655889408847985189e-01,-9.901773375057280058e-01,-6.440380345434104647e-01,-5.737070292001180682e-01,-8.684933918311313894e-01,-6.517075048365119638e-01,4.067914313448780517e-01,-1.804397687823350027e-01,-9.978869089911052148e-01
-2.250127125053845989e-01,-1.024481955100716934e+00,5.371813145615425555e-02,-1.774846529597518541e-01,1.681459942565460275e-01,1.397469853876646684e-01,-8.882944944889974159e-02,5.587879120805827604e-01,7.622919140460948650e-01,-1.206790362225494406e-01,-9.472983817602002032e-01,7.514652452213686773e-02,-3.168026474804539611e-02,-5.685783284264310788e-01
-1.588627356869485974e+00,1.681702747362743555e-01,5.480791750042882660e-01,6.431783295330525396e-01,9.100820156064494126e-01,2.229443131716138671e-01,8.125184386079298271e-01,2.510882513163053553e-01,2.469780359368421441e-01,3.363186255382519807e-01,1.168287751650779471e-01,1.468055133177650795e+00,1.455914775594847166e+00,1.827116875617507408e-01
-2.987216122007338437e-01,7.247413153268702501e-01,-9.350039556401137375e-01,1.644582564122499813e-01,-9.859767056210775316e-01,-1.286492919480030084e+00,-8.043324121331859589e-01,-8.398469095752220115e-01,-8.409068178493603885e-01,-1.034674359744149230e+00,-8.290620309907253960e-01,-8.866237052638120675e-01,-6.267182808852038711e-01,-8.905597638499386237e-01
-8.252137528818583867e-01,2.155923991131259765e+00,4.031802484470765613e-01,9.606967453784961974e-02,3.742393335204075577e-01,8.885229354432041537e-01,8.125184386079298271e-01,-2.943793291294592995e-01,-6.500498259570441917e-01,1.250313949059854712e+00,-2.378802771433488061e-01,-5.881432891233454585e-01,3.650117460100579247e-01,1.685291719538118071e+00
2.243859361475152719e-02,1.678863099196463260e+00,-2.616501204624829269e-01,-2.458732348341522156e-01,-2.440406842711770607e-01,2.229443131716138671e-01,5.616277893549976863e-01,4.129302806793462566e-02,-5.546213300108860933e-01,2.947733835599967711e-01,-2.378802771433488061e-01,-6.544722704878934705e-01,1.790623659671663689e-02,8.266745584087659138e-01
7.805872761955684469e-01,-1.183502252412315769e+00,-1.446411931724390199e+00,-3.826503985829529664e-01,-8.623207020627616792e-01,-1.441002242507363418e+00,-1.482666389742965718e+00,-1.413287186454103228e+00,-1.776106078121709064e+00,-1.574762505461461126e+00,-7.699438556059868821e-01,-1.748900463002939665e+00,3.092269319972027919e+00,-1.427195489555783237e+00
-9.338967733509469238e-02,-1.498703198869233144e-01,-2.786970529986255163e-01,-4.510389804573533001e-01,-3.264780199767199353e-01,-5.377169694244907650e-01,-1.817519121351708067e-01,-8.458410588108859762e-02,4.760064262076206809e-01,-2.453147621573120996e-01,-4.743529786822985872e-01,3.404624499803288740e-01,-2.300262701270988086e-01,-1.392697478617530016e-01
-1.670985770304556361e-01,-3.088906171985221771e-01,1.076534083624707261e+00,5.064011657842518721e-01,2.093646621093189220e-01,7.815549425781279647e-01,5.895045281608800591e-01,5.867606085136972682e-01,7.813776132353267290e-01,5.024995934512698215e-01,2.350651259345528377e-01,1.368561661130827112e+00,8.608767594576888227e-01,9.340017035499363907e-01
-1.881582626576982775e-01,-3.088906171985221771e-01,7.952596967783552850e-01,6.431783295330525396e-01,1.157394022723080784e+00,9.954909283082818972e-01,5.058743117432356051e-01,2.650745995328626092e-01,6.477777189107049027e-01,1.125678223125089028e+00,1.003601405936142665e+00,1.434890642495376234e+00,1.852606786352950508e+00,6.120202681264287348e-01
1.207045910147278800e+00,1.681702747362743555e-01,1.815701254772233986e-01,1.190286984528255543e+00,-2.852593521239499830e-01,-1.455009955858749815e-01,-3.490123449704584657e-01,2.091292066666315952e-01,-3.828500373078019270e-01,4.194091094947623444e-01,8.853650551666678581e-01,-6.544722704878934705e-01,-3.787857741613884222e-01,-4.612511832852606020e-01
4.962815202277577331e-01,8.042514639826696676e-01,-3.213143843389819065e-01,-5.194275623317536894e-01,-3.264780199767199353e-01,1.040909877659726285e-01,-1.352906807920352672e-01,-3.922837666453660721e-01,-5.355356308216542294e-01,-3.758855226603902144e-02,-2.969984525280852106e-01,3.736269406626034906e-01,3.154252446652958675e-01,6.120202681264287348e-01
4.752218346005150917e-01,6.452311666710708327e-01,-8.327223604232584231e-01,-2.458732348341522156e-01,-1.616033485656312718e-01,-8.229649503980286385e-01,-3.583045912390850352e-01,-7.559288202758744912e-01,-1.089020907309370845e+00,-9.931291177658940761e-01,-6.517075048365119638e-01,-1.251433102768827910e+00,-1.469688803746175942e+00,-1.212541199273442283e+00
2.856846639553079492e-01,-7.036017123112391081e-02,1.016869819748208448e+00,7.799554932818533182e-01,1.610799369103576906e+00,5.676189568479724779e-01,3.479061251765745433e-01,2.930472959659791155e-01,7.432062148568630011e-01,5.024995934512698215e-01,5.897741782429796187e-01,1.667042077271293721e+00,-2.758937838710015189e+00,1.255983138973440161e+00
-5.409079969140593303e-01,-3.088906171985221771e-01,1.835122581483050963e+00,1.121898402653855209e+00,1.610799369103576906e+00,1.981973529175103721e+00,1.555898140098098459e+00,1.244118974691925894e+00,1.582976979183055022e+00,1.125678223125089028e+00,9.444832305514042625e-01,1.633877586589021380e+00,1.555087778284373057e+00,1.899946009820455251e+00
-4.619341758118877261e-01,-1.103992103756516352e+00,-1.054332483393111586e+00,-7.245933079549548017e-01,3.330206656676346633e-01,-4.069783114782843381e-01,-3.583045912390850352e-01,-7.279561238427579850e-01,-3.637643381185700076e-01,-1.076219601722404384e+00,-1.242889258683888443e+00,-1.019281667992909313e+00,-1.023410291643307213e+00,-1.319868344414612871e+00
-3.021062045336676827e-02,-1.660563144347112274e+00,1.008346353480137125e+00,7.115669114074528734e-01,4.978953370787262966e-01,1.397469853876646684e-01,6.080890206981333090e-01,1.425941501507180131e+00,2.250976450806161377e+00,2.039673546646691982e+00,1.240074107475092502e+00,1.269068189084005649e+00,8.112902581129267654e-01,5.046931229852583689e-01
-1.609687042496740217e+00,-7.036017123112391081e-02,-4.406429120919797549e-01,-1.271701962950157805e+00,4.566766692259534022e-01,-2.664767018023375331e-02,1.248922147295247753e-01,2.730667985137538722e-02,-9.656454946932771510e-02,-4.114957300703300236e-01,-1.006416557144938828e+00,2.741334686157820832e-01,4.145982473548217029e-01,-9.978869089911052148e-01
-3.987551189301480892e-01,3.271905720478731627e-01,6.077434388807871901e-01,9.851212389050544305e-01,1.116175354870310832e+00,3.180269734961265193e-01,2.735681550275579355e-01,2.371019030997461030e-01,-5.839315109086394562e-02,5.024995934512698215e-01,1.358310458244567309e+00,-4.223208357119749290e-01,8.112902581129267654e-01,1.577964574396947706e+00
9.069453899590360635e-01,-3.088906171985221771e-01,-8.838631580316861358e-01,-2.458732348341522156e-01,-6.562273627989001490e-01,-1.120098263912131742e+00,-1.110976538997881402e+00,-1.063628481040151952e+00,-9.745067121739822147e-01,-9.515838757876418086e-01,-7.699438556059868821e-01,-8.866237052638120675e-01,-6.763047822299659284e-01,-3.539240381440938998e-01
4.646919917868937988e-01,-8.654616577891180995e-01,-1.327083403971392350e+00,9.606967453784961974e-02,-8.211020342099888403e-01,-1.381575579804542819e+00,-8.507936434763214706e-01,-1.441259882887219623e+00,-1.337134996769382633e+00,-1.242400569635422336e+00,-1.597598310992315307e+00,-1.317762084133375922e+00,-1.221756297022360549e+00,-1.856504070120457595e+00
-8.410085171022902983e-01,1.360822504573265590e+00,1.264050341522275467e+00,8.483440751562536519e-01,1.404706029839715375e+00,1.363936237065769053e+00,1.137747058009878520e+00,4.468971263481168466e-01,4.187493286399263659e-01,9.594972552120711873e-01,-1.407575604396935380e-03,1.302232679766280210e+00,1.555087778284373057e+00,2.114600300102792207e+00
-1.104254587442858426e+00,4.067007207036725802e-01,6.077434388807871901e-01,-5.194275623317536894e-01,1.693236704809122584e+00,5.676189568479724779e-01,5.802122818922521574e-01,6.846650460296039853e-01,1.258520092966117110e+00,1.208768707081599558e+00,9.444832305514042625e-01,3.072979592980566443e-01,9.104632608024525453e-01,1.255983138973440161e+00
-1.535978142801379454e+00,9.632717612942685026e-01,9.060647582632818109e-01,-4.070748921095111716e-02,8.688633477536764627e-01,5.319629592262804518e-01,1.202792781890268614e+00,1.174187233609135683e+00,1.067663101073800913e+00,1.084132981146836761e+00,9.444832305514042625e-01,1.003752263625811159e+00,1.207982268871031772e+00,1.827116875617507408e-01
3.823335783518350822e-02,1.360822504573265590e+00,-3.468847831431957074e-01,-7.245933079549548017e-01,1.269273264037731330e-01,4.606509639828963443e-01,2.828604012961845049e-01,-8.678196060083385177e-01,-9.554210129847502397e-01,-6.192219399616031295e-01,-2.378802771433488061e-01,-6.544722704878934705e-01,-1.172169795677596715e+00,7.538454242058410804e-02
-1.828933412508876311e-01,-7.859515091333186820e-01,-5.708693002877233275e-02,2.328468382866503428e-01,1.681459942565460275e-01,-3.853300272079720340e-02,-2.096286509410518750e-01,-1.685021951804360762e-01,-3.065072405508757480e-01,-5.361314560050955969e-01,-4.152348032975621828e-01,-4.223208357119749290e-01,1.790623659671663689e-02,-5.685783284264310788e-01
1.133337010451917815e+00,1.681702747362743555e-01,-6.281591699895477943e-01,2.768109266344924782e-02,-8.211020342099888403e-01,-1.217303305047464090e-01,-8.043324121331859589e-01,-1.133560222122942163e+00,-1.222620801633992560e+00,-9.931291177658940761e-01,-3.561166279128237244e-01,-2.896628729828789051e-01,-5.771317795404400375e-01,-5.685783284264310788e-01
2.856846639553079492e-01,-1.422032698379714022e+00,-7.560111640106169650e-01,-7.929818898293551355e-01,-3.794734500731551663e-02,-8.110796178574651849e-01,-4.047658225822206024e-01,-6.580243827599677742e-01,-4.973642324431918338e-01,-4.945862140268403873e-01,-1.787621017586103200e-01,-5.549787984410708974e-01,-1.804397687823350027e-01,-3.539240381440938998e-01
-2.829268479803018765e-01,-1.660563144347112274e+00,1.068010617356636160e+00,1.258675566402655877e+00,4.154580013731804522e-01,4.368802989017677718e-01,1.713534460726603148e-01,1.104255492526345472e+00,1.258520092966117110e+00,1.416494916972872664e+00,1.476546809014044337e+00,1.136410226354909625e+00,9.600497621472163789e-01,6.120202681264287348e-01
-1.277996993867621889e+00,8.042514639826696676e-01,1.559997266730095700e-01,-7.245933079549548017e-01,1.198612690575853845e+00,2.586003107933058653e-01,7.195959759216588036e-01,6.007469567302565761e-01,1.029491702695337185e+00,6.686805613642906598e-01,-2.378802771433488061e-01,8.379298102144406846e-01,7.121172554234009855e-01,5.046931229852583689e-01
5.120762844481897558e-01,-9.449718064449175170e-01,5.821730400765733338e-01,7.799554932818533182e-01,2.093646621093189220e-01,3.536829711178185454e-01,2.828604012961845049e-01,7.266240906792778009e-01,3.805779302614625825e-01,8.348615292773085006e-01,1.121837756705617695e+00,-3.228273636651523004e-01,2.658387433205320893e-01,9.340017035499363907e-01
1.222840674367710712e+00,8.042514639826696676e-01,-1.096949814733467976e+00,-3.826503985829529664e-01,2.918019978148647109e-01,-1.464772907588492101e+00,-9.065471210880848840e-01,-6.160653381102940696e-01,-9.656454946932771510e-02,-4.114957300703300236e-01,-8.881802063754616894e-01,-6.544722704878934705e-01,-6.763047822299659284e-01,7.538454242058410804e-02
-6.356765822366512442e-01,-3.088906171985221771e-01,-3.639317156793382413e-01,-1.774846529597518541e-01,-6.150086949461273100e-01,-2.881249860726431411e-01,-4.976882852684916259e-01,-2.104612398301098364e-01,-6.500498259570441917e-01,-7.023124239181135486e-01,-6.052575098913542950e-02,5.726138847562486367e-01,5.633577513891113719e-01,-1.392697478617530016e-01
2.698898997348759821e-01,-3.884007658543215946e-01,-7.133938326702605748e-01,-2.458732348341522156e-01,-6.974460306516730990e-01,-4.545196416405415385e-01,-5.534417628802550393e-01,-1.021669436390478136e+00,-6.691355251462760556e-01,-9.515838757876418086e-01,-5.925893294517734500e-01,-8.202947238992640555e-01,-1.172169795677596715e+00,-9.978869089911052148e-01
-6.935907177115802069e-01,1.360822504573265590e+00,4.287506472512904176e-01,5.747897476586522059e-01,1.074956687017537993e+00,3.774536361989471178e-01,5.244588042804900763e-01,1.671701620169558644e-01,-2.022175271240152922e-02,7.102258033425429273e-01,-6.052575098913542950e-02,1.083110152044114566e-01,-8.126676609280918118e-02,8.266745584087659138e-01
1.233370517181332060e+00,-1.263012401068115187e+00,-6.196357037214765828e-01,-3.142618167085525771e-01,-5.325713592405815211e-01,-4.069783114782843381e-01,-8.415013972076949011e-01,-1.685021951804360762e-01,-9.656454946932771510e-02,-1.367036295570188020e+00,-2.969984525280852106e-01,-7.208012518524414824e-01,-9.738237902985451555e-01,-6.759054735675976699e-01
4.857516774141364402e-01,-2.293804685427227319e-01,-4.662133108961935557e-01,-1.090960710853514926e-01,1.269273264037731330e-01,-5.496023019650542185e-01,-5.162727778057460970e-01,-2.943793291294592995e-01,-3.828500373078019270e-01,-7.023124239181135486e-01,-5.334711540670370455e-01,-2.233338916183297274e-01,-4.283722755061504794e-01,-5.685783284264310788e-01
-1.407739699964023206e-01,2.476804233920737452e-01,-5.708693002877233275e-02,7.115669114074528734e-01,-4.913526913878115132e-01,-5.733729670461827910e-01,-2.375053897469329156e-01,-2.863871301485560947e-02,-1.156502486585595929e-01,-7.913379424429423104e-02,-1.787621017586103200e-01,-7.871302332169907157e-01,-3.291992728166246440e-01,-1.392697478617530016e-01
-6.462064250502842500e-01,5.657210180152714152e-01,6.929781015614999706e-01,4.380125839098514828e-01,5.803326727842691435e-01,7.102429473347422473e-01,6.917192371157777631e-01,7.126377424627204915e-01,8.577204099922529634e-01,2.532281415817445036e-01,-1.196439263738739295e-01,1.136410226354909625e+00,8.608767594576888227e-01,1.041328848691102982e+00
6.436993196184795929e-01,4.862108693594719977e-01,-1.011715152052755196e+00,-1.090960710853514926e-01,-1.315726048443257801e+00,-9.537036083442350654e-01,-1.064515307654746001e+00,-5.041745523778300431e-01,-1.069935208120140313e+00,-8.684933918311313894e-01,-9.472983817602002032e-01,-3.228273636651523004e-01,-1.172169795677596715e+00,-4.612511832852606020e-01
-4.356095687778344105e-01,7.247413153268702501e-01,6.503607702211435804e-01,5.064011657842518721e-01,7.864260120481306737e-01,8.053256076592548718e-01,6.917192371157777631e-01,-4.262506123141485137e-02,-4.210214356862643226e-01,-2.453147621573120996e-01,-6.517075048365119638e-01,1.202739207719456527e+00,7.617037567681629318e-01,7.193474132675954369e-01
6.455796486923681687e-02,1.519842801884864425e+00,3.861333159109340274e-01,7.115669114074528734e-01,5.391140049314961935e-01,2.704856433338693189e-01,4.872898192059811340e-01,-4.262506123141485137e-02,-9.656454946932771510e-02,1.701376576252340567e-01,-6.052575098913542950e-02,6.721073568030700995e-01,4.641847486995854810e-01,8.266745584087659138e-01
-1.214817936985894020e+00,-1.498703198869233144e-01,3.008986532302212469e-01,1.053509820779454875e+00,-1.203846807128583773e-01,-3.594369813160288585e-01,5.616277893549976863e-01,9.723842093416562582e-02,8.004633124245585929e-01,2.532281415817445036e-01,4.124196520887662420e-01,6.721073568030700995e-01,-1.308532674375729732e-01,-5.685783284264310788e-01
2.856846639553079492e-01,-7.859515091333186820e-01,-2.105093228540552974e-01,-1.774846529597518541e-01,-1.616033485656312718e-01,-2.049276582886956077e-01,-1.631674195979163355e-01,-2.524202844797855949e-01,1.324638408014521818e-01,2.116828996034892663e-01,1.759469505498143516e-01,7.514652452213686773e-02,5.633577513891113719e-01,-8.905597638499386237e-01
-1.325381286528929614e+00,1.678863099196463260e+00,1.886263379091478676e+00,5.064011657842518721e-01,1.404706029839715375e+00,2.243450845067514798e+00,1.528021401292217307e+00,1.286078019341599710e+00,8.195490116137905678e-01,1.582675884885890394e+00,8.853650551666678581e-01,1.103245735672635064e+00,1.009636263491978436e+00,1.363310284114610527e+00
4.225726205324085161e-01,1.042781909950067920e+00,-1.167511939052712638e-01,3.696240020354510936e-01,3.271322845457376102e-03,-7.418900034248923636e-02,-4.140580688508485041e-01,-2.943793291294592995e-01,-4.401071348754961865e-01,1.285924156469788748e-01,2.941833013192913238e-01,-4.554853263942494901e-01,4.641847486995854810e-01,-2.465968930029234785e-01
7.805872761955684469e-01,-1.581052995691312857e+00,-9.970426136912871606e-02,6.431783295330525396e-01,-7.916601286008841110e-02,-1.455009955858749815e-01,-3.768890837763395063e-01,-3.922837666453660721e-01,1.133781416122203040e-01,3.363186255382519807e-01,5.771059978033946103e-02,-5.881432891233454585e-01,1.666657406310062539e-01,6.120202681264287348e-01
-1.836078662989622190e+00,1.599352950540663842e+00,1.553848194636698876e+00,-5.194275623317536894e-01,3.330206656676346633e-01,2.231565512526949568e+00,2.364323565468656962e+00,2.013368126602618435e+00,3.614922310722307186e-01,1.458040158951127818e+00,1.759469505498143516e-01,8.710943008967152457e-01,7.121172554234009855e-01,1.255983138973440161e+00
1.675623915353474436e+00,8.042514639826696676e-01,-1.250372207558750892e+00,-7.929818898293551355e-01,-1.150851377032166223e+00,-9.655889408847985189e-01,-9.065471210880848840e-01,-1.119573873906382966e+00,-9.554210129847502397e-01,-1.408581537548440288e+00,-3.561166279128237244e-01,-9.529526866283613007e-01,-9.242372889537813219e-01,-1.319868344414612871e+00
-1.978231540973521607e+00,-7.859515091333186820e-01,1.681700188657768047e+00,-1.774846529597518541e-01,9.925193513119922040e-01,1.672954883120437275e+00,2.169186393827488235e+00,1.677695769405226578e+00,2.861718824861573474e+00,8.348615292773085006e-01,5.306560028582411048e-01,1.269068189084005649e+00,1.555087778284373057e+00,6.120202681264287348e-01
7.858521976023791211e-01,1.519842801884864425e+00,-8.071519616190445667e-01,-1.774846529597518541e-01,-3.794734500731551663e-02,-5.971436321273113634e-01,-9.065471210880848840e-01,-7.559288202758744912e-01,3.424065318830001869e-01,2.116828996034892663e-01,-4.743529786822985872e-01,-8.202947238992640555e-01,1.170792392862424619e-01,7.538454242058410804e-02
-1.167433644324586295e+00,1.758373247852262677e+00,7.015015678295711821e-01,-4.510389804573533001e-01,1.116175354870310832e+00,2.077056189499616679e+00,1.258546259502030695e+00,2.371019030997461030e-01,-2.301644437939481813e-01,8.704717366872365136e-02,5.897741782429796187e-01,-5.751143820695913539e-02,3.154252446652958675e-01,2.900388327029211899e-01
6.436993196184795929e-01,9.149977424675508411e-03,-1.471982330528604166e+00,-4.510389804573533001e-01,-2.140099405498704144e+00,-1.013130271047055775e+00,-8.507936434763214706e-01,-1.329369097154753598e+00,-1.413477793526308757e+00,-1.159310085678914914e+00,-1.479361960222838279e+00,-1.151939630722005337e+00,-1.568861806435701833e+00,-2.071158360402794774e+00
2.807582017817895181e+00,-3.884007658543215946e-01,-2.060101503025522085e+00,-5.878161442061540232e-01,-1.727912726970980861e+00,-2.558223501320391780e+00,-2.151708121084116243e+00,-2.084631900848889163e+00,-2.329591354609425569e+00,-2.114850651178770136e+00,-1.715834661761790114e+00,-1.516749028227021068e+00,-2.015140318538569009e+00,-1.856504070120457595e+00
2.014459214463256709e-01,-1.342522549723914604e+00,-2.531266541944116599e-01,1.395452730151456544e+00,-9.859767056210775316e-01,-1.036900936128184236e+00,-8.415013972076949011e-01,-2.244475880466690887e-01,-4.019357364970337909e-01,-3.284052461138225465e-01,-8.290620309907253960e-01,-2.434694752468454307e-02,-4.779587768509142576e-01,-5.685783284264310788e-01
-9.410420238317045438e-01,1.996903693819660930e+00,-2.786970529986255163e-01,-4.070748921095111716e-02,2.918019978148647109e-01,1.159763203065360682e-01,2.178146774157958265e-01,-6.859970791930842804e-01,-6.500498259570441917e-01,-8.684933918311313894e-01,5.897741782429796187e-01,-3.559918543474269170e-01,-6.763047822299659284e-01,1.041328848691102982e+00
-7.462399317796867271e-01,-7.064413604775192645e-01,1.630559391049340334e+00,4.380125839098514828e-01,1.445924697692488214e+00,1.720496213282692866e+00,1.509436908754962836e+00,2.027354474819177632e+00,1.869262467021529206e+00,1.582675884885890394e+00,5.306560028582411048e-01,1.036916754308085942e+00,-3.800254366950040819e+00,2.007273154961625838e+00
-3.566357476756628064e-01,-2.293804685427227319e-01,-7.730580965467594989e-01,-3.142618167085525771e-01,-1.027195373473850371e+00,-3.594369813160288585e-01,-6.091952404920172315e-01,-5.181609005943872415e-01,-3.255929397401062242e-01,3.956689712216187281e-03,5.306560028582411048e-01,-3.559918543474269170e-01,-6.763047822299659284e-01,-8.905597638499386237e-01
-1.609687042496740217e+00,-7.036017123112391081e-02,8.890178257271392770e-01,-1.111965775286381053e+01,-5.737900270933543601e-01,6.151602870102296228e-01,1.091285826666743120e+00,2.181204305201315474e+00,2.136462255670770194e+00,1.624221126864145770e+00,3.533014767040277282e-01,4.399559220271526683e-01,1.790623659671663689e-02,-8.905597638499386237e-01
6.015799483639826528e-01,-1.498703198869233144e-01,-5.003071759684787345e-01,8.483440751562536519e-01,-9.447580377683045816e-01,-5.020609718027987389e-01,-1.027346322580237059e+00,-3.782974184288068198e-01,-1.919930454154857857e-01,-1.622242782008017081e-01,1.759469505498143516e-01,-8.534592145815387276e-01,-6.267182808852038711e-01,7.538454242058410804e-02
-2.144828696917515931e-01,-3.884007658543215946e-01,4.543210460555042185e-01,8.483440751562536519e-01,7.452073441953578348e-01,3.655683036583836643e-01,8.772322965501581915e-02,-5.661140944797210528e-02,4.378350278291582853e-01,1.701376576252340567e-01,-7.699438556059868821e-01,3.404624499803288740e-01,4.641847486995854810e-01,-1.392697478617530016e-01
1.080687796383811294e+00,-1.342522549723914604e+00,1.219058616007244605e-01,5.747897476586522059e-01,-4.089153556822657243e-01,-2.762396535320796875e-01,-1.631674195979163355e-01,3.629790370487693263e-01,2.660637351260726757e-01,-3.758855226603902144e-02,1.121837756705617695e+00,-2.233338916183297274e-01,-3.291992728166246440e-01,3.973659778440916668e-01
4.804867560073257660e-01,8.837616126384690851e-01,-1.508450589775563733e-01,-1.774846529597518541e-01,4.448999069823027230e-02,3.774536361989471178e-01,-2.932588673586950523e-01,-2.104612398301098364e-01,-1.919930454154857857e-01,-4.945862140268403873e-01,-3.561166279128237244e-01,7.716008288498938938e-01,7.121172554234009855e-01,6.120202681264287348e-01
1.803862358190830295e-01,-1.498703198869233144e-01,-9.094335568358998811e-01,-6.562047260805544679e-01,-2.028220164184041663e-01,-5.852582995867462445e-01,-1.352574941982185752e+00,-9.377513470911287286e-01,-1.127192305687834573e+00,-1.159310085678914914e+00,-1.361125609453363472e+00,5.394493940739740756e-01,-2.300262701270988086e-01,-8.905597638499386237e-01
7.911171190091897953e-01,7.247413153268702501e-01,-8.753396917636148133e-01,9.606967453784961974e-02,2.093646621093189220e-01,-2.168129908292590613e-01,-7.024495691164527045e-02,-5.181609005943872415e-01,-3.255929397401062242e-01,-2.037695201790569177e-01,4.715378274735025910e-01,-2.896628729828789051e-01,6.129442527338733182e-01,7.193474132675954369e-01
3.488637208370475862e-01,-1.342522549723914604e+00,1.645231929410808369e-01,-6.562047260805544679e-01,3.271322845457376102e-03,7.102429473347422473e-01,-2.746743748214418579e-01,3.489926888322120724e-01,9.149775075599485552e-01,4.550193169047139774e-02,-1.196439263738739295e-01,1.633877586589021380e+00,9.104632608024525453e-01,2.900388327029211899e-01
-2.776619265734912023e-01,-2.293804685427227319e-01,-5.429245073088350138e-01,2.768109266344924782e-02,-1.109632709179396270e+00,-8.705062805602858944e-01,-2.746743748214418579e-01,-1.465236479829835903e-02,3.996636294506945020e-01,-3.284052461138225465e-01,-7.108256802212504777e-01,-5.218143077587975576e-01,-5.275452781956763149e-01,-8.905597638499386237e-01
1.349198788131178217e+00,-1.422032698379714022e+00,1.264050341522275467e+00,1.600618475774657767e+00,5.803326727842691435e-01,3.299123060366899729e-01,-1.538751733292884338e-01,1.090269144309788274e+00,1.296691491344580838e+00,2.532281415817445036e-01,1.653901335168255660e+00,1.633877586589021380e+00,7.617037567681629318e-01,8.266745584087659138e-01
-9.041875739840299353e-01,2.476804233920737452e-01,-1.252746601733425447e-01,4.380125839098514828e-01,3.271322845457376102e-03,-1.476233763966861533e-02,-1.449147929988183099e-02,-3.363383737791330597e-01,-2.022175271240152922e-02,-2.037695201790569177e-01,-7.699438556059868821e-01,-1.570049102537817154e-01,-6.763047822299659284e-01,-7.832326187087681468e-01
-8.041540672546156898e-01,1.281312355917466173e+00,-3.151653122455850414e-02,-8.613704717037555803e-01,-2.440406842711770607e-01,5.319629592262804518e-01,6.638424983098967225e-01,-2.863871301485560947e-02,2.660637351260726757e-01,6.271353193860355058e-01,-2.378802771433488061e-01,4.399559220271526683e-01,1.666657406310062539e-01,6.120202681264287348e-01
-4.935237042527516604e-01,-1.498703198869233144e-01,-2.786970529986255163e-01,-7.245933079549548017e-01,-2.440406842711770607e-01,3.417976385772550918e-01,-2.653821285528139562e-01,-7.978878649255481958e-01,-1.729073462262538941e-01,1.701376576252340567e-01,5.897741782429796187e-01,5.062849033916995145e-01,6.749273794148043237e-02,6.120202681264287348e-01
-8.041540672546156898e-01,1.201802207261666755e+00,-7.219172989383318972e-01,-7.245933079549548017e-01,9.925193513119922040e-01,-4.307489765594129660e-01,6.913873711776133413e-02,-8.258605613586647021e-01,-9.745067121739822147e-01,-1.200855327657167182e+00,-1.242889258683888443e+00,-3.228273636651523004e-01,1.790623659671663689e-02,7.538454242058410804e-02
-6.935907177115802069e-01,8.866012608047492416e-02,4.628445123235754854e-01,4.380125839098514828e-01,3.271322845457376102e-03,6.864722822536136748e-01,4.594130804001000934e-01,9.723842093416562582e-02,-9.656454946932771510e-02,7.933162872990533465e-01,8.262468797819293442e-01,3.404624499803288740e-01,4.641847486995854810e-01,9.340017035499363907e-01
-1.172698565731397080e+00,-8.654616577891180995e-01,5.736495738085021223e-01,2.328468382866503428e-01,3.742393335204075577e-01,1.278616528471012148e-01,3.571983714452024450e-01,7.406104388958369977e-01,1.029491702695337185e+00,9.179520132338160332e-01,-1.407575604396935380e-03,1.302232679766280210e+00,1.059222764836742270e+00,-9.978869089911052148e-01
2.488302141076333129e-01,-7.064413604775192645e-01,-9.118079510105743524e-02,3.696240020354510936e-01,2.918019978148647109e-01,-3.118956511537717136e-01,-2.096286509410518750e-01,-6.660165817391178840e-04,-3.930745190163206088e-02,-3.699504880920748140e-01,-9.472983817602002032e-01,4.198203383986227888e-02,-1.308532674375729732e-01,-4.612511832852606020e-01
7.016134550933968983e-01,-6.269312118217198471e-01,-9.520508881762562714e-01,-8.613704717037555803e-01,-1.109632709179396270e+00,-9.774742734253636378e-01,-8.693781360135759417e-01,-4.901882041612707908e-01,1.133781416122203040e-01,-2.037695201790569177e-01,-6.517075048365119638e-01,-2.564983823006043440e-01,-1.023410291643307213e+00,-1.641849779838120416e+00
1.014124147169231244e-01,-7.036017123112391081e-02,2.923751869621499799e-01,5.747897476586522059e-01,3.271322845457376102e-03,1.159763203065360682e-01,-4.698115464626105853e-01,1.531838138003986105e-01,-1.729073462262538941e-01,2.532281415817445036e-01,8.262468797819293442e-01,-5.751143820695913539e-02,-3.168026474804539611e-02,-2.465968930029234785e-01
-6.409415036434618074e-01,-3.088906171985221771e-01,2.071405242814372272e-01,-5.194275623317536894e-01,3.271322845457376102e-03,3.061416409555630658e-01,8.032261923393032577e-01,4.468971263481168466e-01,3.996636294506945020e-01,7.517710453207980814e-01,-1.196439263738739295e-01,3.736269406626034906e-01,2.658387433205320893e-01,2.900388327029211899e-01
9.088257190329011859e-02,-7.036017123112391081e-02,2.814773265194042695e-02,-1.774846529597518541e-01,4.978953370787262966e-01,1.278616528471012148e-01,5.984649084913475775e-02,9.723842093416562582e-02,-9.656454946932771510e-02,4.609543514730175540e-01,-1.407575604396935380e-03,-2.896628729828789051e-01,-1.308532674375729732e-01,6.120202681264287348e-01
-3.776954333029054478e-01,-7.859515091333186820e-01,3.008986532302212469e-01,-1.774846529597518541e-01,1.033738019164765154e+00,5.654965760371544886e-02,3.571983714452024450e-01,2.730667985137538722e-02,1.831091068643065478e+00,1.701376576252340567e-01,-1.407575604396935380e-03,1.269068189084005649e+00,9.104632608024525453e-01,-3.194260272058635497e-02
-1.056870294781550923e+00,-1.498703198869233144e-01,1.474762604049383030e-01,-4.070748921095111716e-02,-3.676966878294928298e-01,8.528669378215121277e-01,1.156331550547132991e+00,4.329107781315595926e-01,8.195490116137905678e-01,5.855900774077802406e-01,2.941833013192913238e-01,4.067914313448780517e-01,-4.283722755061504794e-01,-8.905597638499386237e-01
-3.189163464540107906e+00,4.862108693594719977e-01,1.366331936739130670e+00,-1.682033454196560029e+00,1.322268694134172584e+00,2.255336177608078252e+00,2.745305662482367737e+00,1.803572903354247803e+00,5.905206213430106432e-01,-7.023124239181135486e-01,2.941833013192913238e-01,8.047653195321684549e-01,2.162522419757700598e-01,1.827116875617507408e-01
1.233370517181332060e+00,9.632717612942685026e-01,-5.599714398449776587e-01,-1.774846529597518541e-01,2.918019978148647109e-01,-1.096327598831004835e+00,-1.278236971833169200e+00,-7.839015167089909975e-01,-5.164499316324223654e-01,4.609543514730175540e-01,6.488923536277160231e-01,-6.876367611701681426e-01,2.658387433205320893e-01,-1.392697478617530016e-01
7.226731407206395952e-01,8.042514639826696676e-01,-7.560111640106169650e-01,3.696240020354510936e-01,-6.974460306516730990e-01,-7.635382876952080400e-01,-7.392866882527971972e-01,-7.839015167089909975e-01,-1.566163387040161004e+00,-4.945862140268403873e-01,-8.881802063754616894e-01,-1.649406990956117092e+00,-7.754777849194917083e-01,-9.978869089911052148e-01
1.501881508928710751e+00,-2.293804685427227319e-01,-3.980255807516233646e-01,7.115669114074528734e-01,-1.616033485656312718e-01,-8.110796178574651849e-01,-1.352574941982185752e+00,-1.265431505307623439e-01,-3.637643381185700076e-01,5.855900774077802406e-01,-3.561166279128237244e-01,-5.549787984410708974e-01,6.625307540786371518e-01,2.900388327029211899e-01
-1.262202229647189977e+00,-6.269312118217198471e-01,2.124920434597474372e+00,3.696240020354510936e-01,1.693236704809122584e+00,2.184024182364694422e+00,1.648820602784369482e+00,1.957422733736387643e+00,1.983776662156917725e+00,1.665766368842400924e+00,1.003601405936142665e+00,7.052718474853446606e-01,4.145982473548217029e-01,1.827116875617507408e-01
-7.357100889660654897e-01,-1.501542847035513439e+00,1.502707397028271163e+00,2.768109266344924782e-02,1.074956687017537993e+00,1.577872222795922985e+00,1.323591983382420789e+00,1.957422733736387643e+00,1.563891279993821826e+00,1.707311610820656078e+00,9.444832305514042625e-01,1.235903698401731088e+00,8.608767594576888227e-01,1.827116875617507408e-01
-5.093184684731836276e-01,5.657210180152714152e-01,-4.065490470196946315e-01,-6.562047260805544679e-01,-2.028220164184041663e-01,2.229443131716138671e-01,-1.445829270606618644e-01,-1.405294987473195978e-01,-4.401071348754961865e-01,-7.854029078746209702e-01,-4.743529786822985872e-01,-2.233338916183297274e-01,-5.771317795404400375e-01,-3.539240381440938998e-01
-6.706507030104139067e-02,4.067007207036725802e-01,-2.105093228540552974e-01,7.799554932818533182e-01,-2.440406842711770607e-01,-2.524689884509511151e-01,-4.605193001939840158e-01,-5.321472488109465493e-01,-4.401071348754961865e-01,-2.037695201790569177e-01,-7.699438556059868821e-01,-1.218268612086553349e+00,-9.738237902985451555e-01,-2.465968930029234785e-01
2.249500348695906649e+00,-7.859515091333186820e-01,-1.812920981251455066e+00,-1.271701962950157805e+00,-1.645475391265434961e+00,-1.191410259155517570e+00,-1.631342330040999045e+00,-1.497205275753450637e+00,-1.795191777310940928e+00,-1.574762505461461126e+00,-6.517075048365119638e-01,-2.478519258012970017e+00,-1.370515801056650274e+00,-1.427195489555783237e+00
-2.394160332111610501e+00,3.271905720478731627e-01,4.372741135193616846e-01,-1.408479126698958472e+00,1.681459942565460275e-01,2.100826854580744918e+00,1.909003498305928304e+00,1.943436385519828447e+00,4.760064262076206809e-01,-1.206790362225494406e-01,-7.108256802212504777e-01,-9.067592888923371730e-02,5.633577513891113719e-01,-1.319868344414612871e+00
-7.232999170785205101e-02,-1.501542847035513439e+00,2.141967367133617017e+00,1.190286984528255543e+00,1.569580701250804067e+00,8.885229354432041537e-01,9.611943789059643750e-01,2.027354474819177632e+00,2.575433337023099511e+00,2.039673546646691982e+00,1.180955932090356209e+00,2.065015965458584013e+00,2.546817805179633076e+00,1.470637429255781115e+00
1.359728630944799566e+00,-4.679109145101210121e-01,-1.829967913787597711e+00,-5.878161442061540232e-01,-2.675942087584742612e+00,-1.868874213967672837e+00,-1.538419867354727799e+00,-1.637068757919031059e+00,-1.795191777310940928e+00,-1.616307747439713394e+00,-1.242889258683888443e+00,-2.047380879143406496e+00,-2.758937838710015189e+00,-2.285812650685131509e+00
-9.041875739840299353e-01,1.042781909950067920e+00,-5.855418386491914040e-01,-7.929818898293551355e-01,-1.192070044884939062e+00,-7.041116249923874415e-01,2.178146774157958265e-01,4.129302806793462566e-02,-4.973642324431918338e-01,-1.117764843700659760e+00,-1.242889258683888443e+00,-1.483584537544746507e+00,-1.271342798367122606e+00,-6.759054735675976699e-01
9.490647612135330036e-01,1.996903693819660930e+00,-1.523123128137031879e+00,-8.613704717037555803e-01,-1.274507380590484740e+00,-1.381575579804542819e+00,-8.322091509390683317e-01,-1.553150668619683650e+00,-1.871534574067867052e+00,-1.574762505461461126e+00,-9.472983817602002032e-01,-2.213203332554777081e+00,-1.469688803746175942e+00,2.900388327029211899e-01
-7.462399317796867271e-01,-7.036017123112391081e-02,2.156639905495084941e-01,3.696240020354510936e-01,6.215513406370419824e-01,-1.930423257481304611e-01,5.151665580118621746e-01,2.091292066666315952e-01,-4.401071348754961865e-01,7.933162872990533465e-01,5.771059978033946103e-02,2.409689779335074666e-01,4.641847486995854810e-01,1.827116875617507408e-01
1.091217639197432643e+00,-6.269312118217198471e-01,-1.148090612341895689e+00,-2.458732348341522156e-01,-8.211020342099888403e-01,-4.782903067216701110e-01,-1.222483494221405786e+00,-1.497205275753450637e+00,-1.737934679743246669e+00,-1.574762505461461126e+00,-5.334711540670370455e-01,-4.223208357119749290e-01,-8.746507876090192646e-01,-1.427195489555783237e+00
1.064893032163379161e+00,-1.422032698379714022e+00,-1.122520213537681721e+00,5.747897476586522059e-01,-1.604256723412662122e+00,-1.464772907588492101e+00,-1.835771747950795563e+00,-1.231464659638848991e+00,-1.108106606498602709e+00,-7.438576658963687027e-01,4.124196520887662420e-01,-1.483584537544746507e+00,-1.172169795677596715e+00,-8.905597638499386237e-01
-1.567567671242243277e+00,4.067007207036725802e-01,8.208300955825691414e-01,-8.613704717037555803e-01,9.100820156064494126e-01,1.661069550579872045e+00,1.444391184874572964e+00,3.629790370487693263e-01,3.614922310722307186e-01,1.042587739168581606e+00,9.444832305514042625e-01,6.057783754385231978e-01,1.158395767526267939e+00,7.538454242058410804e-02
-7.462399317796867271e-01,-1.819583441658711109e+00,-8.497692929594009570e-01,-1.066536217326956582e+00,-1.645475391265434961e+00,-5.971436321273113634e-01,-4.326425613881016430e-01,-9.857045409764585153e-02,3.703534485529412501e-02,1.285924156469788748e-01,5.306560028582411048e-01,-1.151939630722005337e+00,-1.717621310469991558e+00,-1.749176924979287007e+00
5.910501055503613044e-01,-1.342522549723914604e+00,-9.435274219081850600e-01,-6.562047260805544679e-01,-1.439382052001573431e+00,-1.262722254398901622e+00,-1.510543128548846870e+00,-5.741062934606202539e-01,-1.919930454154857857e-01,-1.283945811613677490e+00,-1.196439263738739295e-01,-3.891563450297003124e-01,-3.291992728166246440e-01,-6.759054735675976699e-01
-1.618336556236449897e-01,-7.859515091333186820e-01,1.562371660904770199e+00,5.747897476586522059e-01,2.435172726159023249e+00,8.766376029026407002e-01,7.288882221902867053e-01,9.643920103607649397e-01,7.432062148568630011e-01,1.291859191038109866e+00,8.853650551666678581e-01,1.633877586589021380e+00,2.199712295766293568e+00,1.685291719538118071e+00
-1.435944636071965208e+00,1.758373247852262677e+00,-5.173541085046212684e-01,-6.562047260805544679e-01,1.681459942565460275e-01,-3.713223138565923120e-01,3.014448938334390315e-01,-3.922837666453660721e-01,-8.790782162278241163e-01,-1.622242782008017081e-01,3.533014767040277282e-01,-9.529526866283613007e-01,-7.258912835747296510e-01,8.266745584087659138e-01
1.028038582315693006e+00,-1.501542847035513439e+00,1.986170580133659602e-01,5.747897476586522059e-01,-2.440406842711770607e-01,1.159763203065360682e-01,-5.720262554175082892e-01,1.811565102335151167e-01,1.324638408014521818e-01,-5.361314560050955969e-01,-1.787621017586103200e-01,4.198203383986227888e-02,3.650117460100579247e-01,-3.194260272058635497e-02
1.538735958776385360e+00,3.271905720478731627e-01,-8.923866242997573472e-01,9.167326570306539857e-01,-1.192070044884939062e+00,-8.942769456414144669e-01,-1.203899001684152648e+00,-1.161532918556058780e+00,-1.298963598390918683e+00,-4.114957300703300236e-01,-2.969984525280852106e-01,2.065015965458584013e+00,-6.267182808852038711e-01,2.900388327029211899e-01
5.805202627367400670e-01,1.281312355917466173e+00,-1.045809017125040263e+00,-7.245933079549548017e-01,-8.211020342099888403e-01,-1.096327598831004835e+00,-9.994695837743559075e-01,-7.139697756262007866e-01,-9.363353137955183758e-01,-6.607671819398582835e-01,-1.006416557144938828e+00,-9.861171773106347516e-01,-8.250642862642555420e-01,7.538454242058410804e-02
-4.600538467379874930e-02,-1.498703198869233144e-01,7.270719666337850384e-01,9.167326570306539857e-01,2.505833299620918164e-01,5.200776266857169983e-01,9.519021326373364733e-01,5.168288674309070574e-01,3.424065318830001869e-01,2.947733835599967711e-01,2.350651259345528377e-01,-5.881432891233454585e-01,-8.126676609280918118e-02,-1.392697478617530016e-01
-3.547554186017742861e-02,-7.859515091333186820e-01,1.298144206594560535e+00,9.851212389050544305e-01,1.033738019164765154e+00,7.934402751186914182e-01,2.363991699530489932e-01,6.427060013799302807e-01,1.029491702695337185e+00,1.125678223125089028e+00,1.476546809014044337e+00,1.368561661130827112e+00,2.497231303834873017e+00,1.255983138973440161e+00
-7.041205605252014443e-01,-3.884007658543215946e-01,-7.413386256491488746e-02,2.328468382866503428e-01,-2.440406842711770607e-01,-2.643543209915162340e-01,5.055424458050685604e-02,2.371019030997461030e-01,-5.839315109086394562e-02,4.194091094947623444e-01,-8.881802063754616894e-01,-4.886498170765229410e-01,-3.787857741613884222e-01,-1.749176924979287007e+00
1.286019731249450349e+00,8.866012608047492416e-02,-7.413386256491488746e-02,6.431783295330525396e-01,3.271322845457376102e-03,-4.188636440188495125e-01,-6.091952404920172315e-01,-8.458410588108859762e-02,3.042351335045364036e-01,-7.913379424429423104e-02,4.124196520887662420e-01,-6.876367611701681426e-01,3.154252446652958675e-01,6.120202681264287348e-01
1.128072089045107251e+00,-5.474210631659204296e-01,3.349925183025063702e-01,8.483440751562536519e-01,-2.028220164184041663e-01,-2.049276582886956077e-01,-8.882944944889974159e-02,3.489926888322120724e-01,2.278923367476102524e-01,3.363186255382519807e-01,-1.196439263738739295e-01,-2.233338916183297274e-01,7.121172554234009855e-01,2.900388327029211899e-01
-1.862403270023675450e+00,8.866012608047492416e-02,6.280962586909027756e+00,5.747897476586522059e-01,5.444135479411403189e+00,4.204530714260593882e+00,5.161289692325415679e+00,6.684808430933005141e+00,5.323774020272449725e+00,4.366207097428951300e+00,3.841273824403550474e+00,4.220707859806402062e+00,1.666657406310062539e-01,3.402526041796818834e+00
7.753223547887578837e-01,8.042514639826696676e-01,-1.787350582447241321e+00,-9.297590535781559140e-01,-1.892787398382069552e+00,-1.429116909966799964e+00,-1.333990449444931281e+00,-1.734973195434937887e+00,-1.642506183797088681e+00,-2.322576861070043019e+00,-2.011425538685478465e+00,-2.312696804601599432e+00,-3.304389353502410032e+00,-2.607794086108639497e+00
1.645914715986510624e-01,-3.884007658543215946e-01,-2.872205192666967832e-01,1.121898402653855209e+00,-1.203846807128583773e-01,-2.286983233698225149e-01,-2.003364046724239733e-01,-6.160653381102940696e-01,-7.645640210924341540e-01,1.285924156469788748e-01,-4.152348032975621828e-01,-5.881432891233454585e-01,1.170792392862424619e-01,-5.685783284264310788e-01
8.753558615181721292e-01,-1.740073293002911692e+00,6.588842364892147918e-01,9.167326570306539857e-01,1.693236704809122584e+00,-1.455009955858749815e-01,-3.675968375077129369e-01,5.867606085136972682e-01,7.050348164784006055e-01,1.291859191038109866e+00,1.121837756705617695e+00,1.103245735672635064e+00,6.625307540786371518e-01,1.041328848691102982e+00
3.962480134983434876e-01,-1.103992103756516352e+00,-1.318559937703321250e+00,-5.194275623317536894e-01,-1.686694059118208022e+00,-1.761906221102595094e+00,-1.501250882280218857e+00,-7.419424720593172928e-01,-3.828500373078019270e-01,-1.367036295570188020e+00,-5.334711540670370455e-01,-1.450420046862473056e+00,-1.370515801056650274e+00,-1.641849779838120416e+00
1.828306636151006970e+00,1.681702747362743555e-01,-1.753256717374956253e+00,-9.297590535781559140e-01,-1.645475391265434961e+00,-2.070924867157261762e+00,-2.058785658397845442e+00,-1.776932240084611703e+00,-1.680677582175551077e+00,-1.740943473374478856e+00,-7.108256802212504777e-01,-1.815229444367487677e+00,-1.420102302401412331e+00,-1.534522634696950050e+00
1.670358993946663650e+00,-1.581052995691312857e+00,-1.199231409950323402e+00,6.431783295330525396e-01,-1.150851377032166223e+00,-1.013130271047055775e+00,-1.491958636011592398e+00,-1.091601177473268347e+00,-1.432563492715540621e+00,-1.200855327657167182e+00,-6.517075048365119638e-01,-2.146874351190228847e+00,-1.717621310469991558e+00,-1.427195489555783237e+00
8.279715688568644039e-01,-3.884007658543215946e-01,-6.707765013299041845e-01,-1.090960710853514926e-01,-1.109632709179396270e+00,-1.013130271047055775e+00,-5.348572703430005681e-01,-5.321472488109465493e-01,-2.683358421724119647e-01,3.363186255382519807e-01,-2.378802771433488061e-01,-7.539657425347161546e-01,-1.122583294332834658e+00,-8.905597638499386237e-01
-1.881582626576982775e-01,8.866012608047492416e-02,-6.561039629684360663e-02,-4.070748921095111716e-02,-3.264780199767199353e-01,-1.336156630453098626e-01,2.828604012961845049e-01,3.210199923990955662e-01,-2.110787446047176497e-01,-1.622242782008017081e-01,-3.561166279128237244e-01,-1.052446158675182764e+00,-4.779587768509142576e-01,-5.685783284264310788e-01
6.982288627604747722e-02,5.657210180152714152e-01,8.293535618506403528e-01,1.121898402653855209e+00,1.652018036956349745e+00,1.090573588632794522e+00,8.403951774138109787e-01,1.112247691507248643e-01,-6.882212243355080306e-01,4.550193169047139774e-02,1.759469505498143516e-01,9.374232822612644789e-01,4.641847486995854810e-01,9.340017035499363907e-01
-3.776954333029054478e-01,-1.498703198869233144e-01,-9.861447532485414502e-01,-2.458732348341522156e-01,-1.150851377032166223e+00,-1.155754261533825433e+00,-6.370719792978982721e-01,-4.202564630784805799e-01,-7.454783219032022901e-01,-1.200855327657167182e+00,-6.517075048365119638e-01,-9.529526866283613007e-01,-1.023410291643307213e+00,-8.905597638499386237e-01
1.570325487217249405e+00,-7.036017123112391081e-02,1.730466592091521316e-01,1.053509820779454875e+00,-3.794734500731551663e-02,-2.877005099105166969e-03,-3.211356061645774251e-01,3.769653852653265802e-01,2.278923367476102524e-01,1.701376576252340567e-01,5.306560028582411048e-01,2.078044872512328778e-01,2.658387433205320893e-01,1.827116875617507408e-01
1.844101400371438881e+00,-2.293804685427227319e-01,-1.454935397992461521e+00,-7.245933079549548017e-01,-7.916601286008841110e-02,-1.571740900453569845e+00,-1.389743927056694694e+00,-1.581123365052800045e+00,-1.432563492715540621e+00,-1.533217263483205972e+00,-3.561166279128237244e-01,-1.516749028227021068e+00,-5.771317795404400375e-01,2.900388327029211899e-01
